{
    "root": [
        0.7751137061721233,
        0.47005720279968743,
        0.37870840389796134,
        -0.18661434408240837
    ],
    "pelvis": [
        0.31236149682189085,
        0.7599861192261845,
        0.4819820222253146,
        -0.3042116436599817
    ],
    "spine1": [
        0.42531502399187926,
        -0.6170411920277434,
        -0.5851974689466306,
        0.30969536652366303
    ],
    "spine2": [
        0.3772455463297781,
        0.34640453476164945,
        0.8415214644239569,
        -0.17184679509572323
    ],
    "spine3": [
        0.3772455463297781,
        0.34640453476164945,
        0.8415214644239569,
        -0.17184679509572323
    ],
    "spine4": [
        0.9846765315940446,
        0.06522932209700676,
        0.15846176694027558,
        -0.03235942034174044
    ],
    "head": [
        0.9777101350478895,
        -0.07853341762140388,
        -0.19078144184357998,
        0.03895940951072784
    ],
    "shoulder.L": [
        0.7748265809380173,
        0.6237672368490123,
        -0.09608037782717521,
        -0.03642478143019744
    ],
    "upperarm.L": [
        0.7748265809380173,
        0.6237672368490123,
        -0.09608037782717521,
        -0.03642478143019744
    ],
    "arm.L": [
        0.09693188469124395,
        -0.6949384807925993,
        0.687104675357904,
        0.18855206905570376
    ],
    "hand.L": [
        0.21175873105025345,
        0.9228416079242493,
        -0.3215818908288762,
        -0.010329278711374531
    ],
    "shoulder.R": [
        0.4077202359715804,
        0.7291710823675963,
        0.36362703510195776,
        0.412127554479322
    ],
    "upperarm.R": [
        0.4077202359715804,
        0.7291710823675963,
        0.36362703510195776,
        0.412127554479322
    ],
    "arm.R": [
        0.12430236244590219,
        0.573406332609478,
        -0.8082027945002684,
        -0.05061959477981873
    ],
    "hand.R": [
        0.3782713429364029,
        0.5246076401846616,
        0.7319784399392255,
        0.21425493795268397
    ],
    "shoulder-fk.L": [
        0.7748265809380173,
        0.6237672368490123,
        -0.09608037782717521,
        -0.03642478143019744
    ],
    "upperarm-fk.L": [
        0.7748265809380173,
        0.6237672368490123,
        -0.09608037782717521,
        -0.03642478143019744
    ],
    "arm-fk.L": [
        0.09693188469124395,
        -0.6949384807925993,
        0.687104675357904,
        0.18855206905570376
    ],
    "hand-fk.L": [
        0.21175873105025345,
        0.9228416079242493,
        -0.3215818908288762,
        -0.010329278711374531
    ],
    "shoulder-fk.R": [
        0.4077202359715804,
        0.7291710823675963,
        0.36362703510195776,
        0.412127554479322
    ],
    "upperarm-fk.R": [
        0.4077202359715804,
        0.7291710823675963,
        0.36362703510195776,
        0.412127554479322
    ],
    "arm-fk.R": [
        0.12430236244590219,
        0.573406332609478,
        -0.8082027945002684,
        -0.05061959477981873
    ],
    "hand-fk.R": [
        0.3782713429364029,
        0.5246076401846616,
        0.7319784399392255,
        0.21425493795268397
    ],
    "thigh.L": [
        0.9392773811472659,
        -0.2817725281125286,
        0.18926776013558305,
        -0.050398002336078954
    ],
    "leg.L": [
        0.9463867013929529,
        0.31561913331530855,
        -0.06290098117800602,
        0.02793278859518696
    ],
    "foot.L": [
        0.9956016951135391,
        -0.07177126703545617,
        -0.04740575640589607,
        -0.037132791098401216
    ],
    "thigh.R": [
        0.9183183751200671,
        -0.3840234669422944,
        0.07049142509890215,
        -0.06517896702147148
    ],
    "leg.R": [
        0.9461623380730224,
        0.3138441513541783,
        -0.058534343432714124,
        0.05340795176626963
    ],
    "foot.R": [
        0.995074547699586,
        -0.09383109249101464,
        -0.00870543914932348,
        -0.03076663666415838
    ],
    "thigh-fk.L": [
        0.9392773811472659,
        -0.2817725281125286,
        0.18926776013558305,
        -0.050398002336078954
    ],
    "leg-fk.L": [
        0.9463867013929529,
        0.31561913331530855,
        -0.06290098117800602,
        0.02793278859518696
    ],
    "thigh-fk.R": [
        0.9183183751200671,
        -0.3840234669422944,
        0.07049142509890215,
        -0.06517896702147148
    ],
    "leg-fk.R": [
        0.9461623380730224,
        0.3138441513541783,
        -0.058534343432714124,
        0.05340795176626963
    ],
    "foot.L_location": [
        0.8716323375701904,
        -1.4432377815246582,
        2.016292929649353
    ],
    "foot.R_location": [
        -0.3128209114074707,
        -1.5086231231689453,
        1.7272777557373047
    ],
    "hand.L_location": [
        0.6519548892974854,
        -0.21541595458984375,
        -0.014192938804626465
    ],
    "hand.R_location": [
        0.12438249588012695,
        -0.2971770763397217,
        -0.9361590147018433
    ]
}